"1","Mathi","1","13933","98.54","132214","31","854","710"
"2","Rafis","2","13840","98.99","242628","190","1919","1071"
"3","Cookiezi","3","13815","98.85","22102","89","647","488"
"4","firebat92","4","13731","98.96","138873","178","1502","818"
"5","filsdelama","5","13641","99.05","139021","228","1680","692"
"6","Vaxei","6","13339","98.57","124486","53","804","873"
"7","Abyssal","7","13186","99","102815","52","682","890"
"8","Karthy","8","13074","98.86","111342","668","3038","2133"
"9","idke","9","13030","99.18","49159","19","581","534"
"10","Azerite","10","13017","99.07","72533","28","496","1184"
"11","_RyuK","11","12754","98.17","121466","56","1348","757"
"12","Dustice","12","12525","98.94","94315","124","2534","1577"
"13","Freddie_Benson","13","12477","97.82","50718","11","424","729"
"14","Alumetri","14","12366","97.92","51477","8","242","265"
"15","FlyingTuna","15","12361","97.42","56952","28","436","399"
"16","fieryrage","16","12230","97.49","80858","98","1298","909"
"17","uyghti","17","12164","99.04","163219","114","1107","1229"
"18","Spare","18","12133","99.2","109495","623","2109","1517"
"19","Emilia","19","12024","96.41","95454","44","1392","1219"
"20","Toy","20","12007","99.43","224462","5977","3661","878"
"21","lain","21","12006","98.16","167644","449","1948","690"
"22","Yaong","22","12004","99.45","109264","981","2792","424"
"23","Black_W0lf","23","11942","99.26","257728","9502","9994","2038"
"24","ThePooN","24","11840","98.96","80641","64","1062","811"
"25","Rohulk","25","11807","99.44","51964","89","2392","2359"
"26","Dumii","26","11783","97.99","135406","126","1548","1942"
"27","-Hebel-","27","11776","98.45","118764","137","1481","607"
"28","reshi","28","11739","99.21","43494","58","1221","750"
"29","jot_bab","29","11725","98.61","83734","13","196","128"
"30","Bubbleman","30","11697","98.72","89750","110","985","1405"
"31","Piggey","31","11672","99.04","140169","140","2055","1072"
"32","bro_gamer72","32","11668","99.2","88932","31","697","826"
"33","Kip","33","11634","99.34","133898","806","2098","1433"
"34","mcy4","34","11629","96.95","153753","17","669","895"
"35","_index","35","11561","98.58","72158","428","1683","685"
"36","Wakson","36","11529","99.51","103288","163","779","989"
"37","MoeYandere","37","11489","98.54","132226","27","1598","938"
"38","Wilchq","38","11485","99.37","98877","2956","4538","376"
"39","Monko2k","39","11463","99.15","76585","100","1863","1908"
"40","-_Nikliu_-","40","11432","98.59","90672","54","1050","871"
"41","wuhua","41","11415","97.25","198345","285","1430","1189"
"42","DanyL","42","11381","97.54","88206","85","942","346"
"43","smh","43","11372","98.91","42612","62","533","587"
"44","Koba","44","11324","99.43","220884","467","1823","1211"
"45","MrBooM","45","11305","99.19","64114","31","1055","770"
"46","HappyStick","46","11300","98.49","209458","159","2921","757"
"47","badeu","47","11257","97.65","55547","79","1102","845"
"48","Flaven","48","11252","99.06","134707","156","1118","1202"
"49","Xilver","49","11246","99.02","272263","269","2242","1497"
"50","Mlaw","50","11238","99.26","97562","223","3027","1436"
"51","Flaven","51","11252","99.06","135508","156","1122","1220"
"52","a_Blue","52","11230","95.07","91584","9","357","321"
"53","Neliel","53","11198","98.76","138675","34","1709","872"
"54","Musty","54","11197","99.19","117708","127","1877","1505"
"55","Adamqs","55","11181","99.11","172999","370","2544","1232"
"56","Afrodafro","56","11176","98.52","125214","66","746","1030"
"57","ItsKevZii","57","11160","98.74","142128","60","1395","1351"
"58","Arnold24x24","58","11146","98.81","116695","338","1055","767"
"59","BeasttrollMC","59","11142","98.89","78910","52","1161","825"
"60","4RTRAID","60","11093","97.73","99939","202","1685","1175"
"61","talala","61","11084","98.62","204488","138","2522","1731"
"62","Astar","62","11078","97.38","155683","100","1872","1470"
"63","Usagi_sama","63","11066","99.45","81715","169","1147","653"
"64","SoraRoxas01","64","11040","98.88","75548","248","3659","1562"
"65","Viveliam","65","11024","99.28","170092","50","1773","1633"
"66","Apraxia","66","10993","98.98","106855","132","1201","1914"
"67","Risiing","67","10948","99.08","109679","214","1260","652"
"68","Mystia","68","10941","98.95","141252","198","776","801"
"69","ffury","69","10935","99.14","74777","389","1325","644"
"70","Red_Pixel","70","10912","98.68","100027","47","865","1001"
"71","Skydiver","71","10898","98.19","87635","33","593","824"
"72","Mizuru","72","10888","99.08","91736","91","956","1166"
"73","dokidokilolixx","73","10860","93.76","70085","16","423","542"
"74","Rizer","74","10860","99.42","98951","1883","4781","915"
"75","ikaNyai","75","10820","95.68","58050","329","397","683"
"76","imagaK","76","10809","98.9","126004","279","2765","1209"
"77","Zeisen-","77","10804","98.28","66828","16","667","1087"
"78","kazamabc","78","10779","98.81","132101","65","1097","965"
"79","Resia","79","10776","93.2","80604","47","1505","814"
"80","Alien","80","10774","99","122104","58","944","1236"
"81","fedoragoose","81","10763","98.77","150511","62","1522","871"
"82","Yakisoba_Pan","82","10757","99.21","158171","461","1673","1182"
"83","Skill","83","10713","99.32","89181","283","1580","1124"
"84","ChitogeOP","84","10712","98.16","132771","67","1038","973"
"85","Moffo","85","10711","96.84","238789","215","1635","956"
"86","Reyuza","86","10696","98.77","69081","68","952","1098"
"87","CXu","87","10693","98.82","116793","871","3624","219"
"88","Sanze","88","10684","99.2","161847","110","1378","1104"
"89","Zain_Sugieres","89","10680","98.14","79396","33","554","935"
"90","Blobby3000","90","10678","98.75","76431","56","803","1255"
"91","MouseEasy","91","10678","98.57","120947","265","1543","1260"
"92","1E308","92","10667","99.31","14911","131","861","783"
"93","Micca","93","10658","98.4","68441","53","490","476"
"94","Andrej","94","10657","98.32","100154","14","737","753"
"95","okinamo","95","10636","99.04","63586","33","643","1212"
"96","Azer","96","10636","99","91153","241","1298","844"
"97","obtio","97","10635","98.39","122284","53","870","919"
"98","Informous","98","10622","98.23","72338","58","820","1345"
"99","Zmatureeno","99","10619","98.61","110371","42","677","654"
"100","AnOkata","100","10613","99.07","20842","46","491","724"
"101","WakaiYuki","101","10331","98.24","77702","138","791","846"
"102","Telomere","102","10321","98.01","55463","28","662","600"
"103","Toushi","103","10310","98.96","92276","59","989","1017"
"104","ikaNyai","104","10306","95.82","50050","329","369","603"
"105","Viveliam","105","10299","99.11","157524","44","1591","1537"
"106","AnOkata","106","10289","98.97","19109","37","452","675"
"107","Cloz1k","107","10279","98.58","172163","15","350","907"
"108","Tarulas","108","10276","98.85","81382","50","1072","530"
"109","ffury","109","10273","99.22","71251","386","1265","577"
"110","Auji","110","10270","98","115755","19","1084","1232"
"111","FGSky","111","10262","95.86","159791","37","454","590"
"112","Axarious","112","10262","97.29","64882","35","855","491"
"113","LanJay","113","10252","97.61","131743","94","973","1204"
"114","Zain_Sugieres","114","10250","98.14","74915","33","539","898"
"115","chankoma","115","10239","98.16","140256","306","1300","536"
"116","BeasttrollMC","116","10225","98.84","74921","49","1077","739"
"117","Vamhi","117","10225","97.85","83668","20","304","359"
"118","Mystia","118","10221","98.82","136616","193","729","721"
"119","Zavarka","119","10218","98.43","164597","1429","1744","1035"
"120","Rizer","120","10208","99.35","93804","1751","4434","809"
"121","Ceptin","121","10203","98.26","81667","47","604","860"
"122","MiruHong","122","10197","99.23","137391","379","891","594"
"123","zeluaR","123","10196","99.37","148660","481","2474","99"
"124","Reimu-Desu","124","10191","99.38","111964","279","1775","618"
"125","-NeBu-","125","10187","98.93","81887","534","1870","497"
"126","Vettel","126","10187","98.96","225228","344","2172","1186"
"127","Andrej","127","10186","98.13","87419","10","661","618"
"128","ReaL_motion","128","10172","99.25","149568","182","2544","1404"
"129","rustbell","129","10170","97.89","68895","140","2208","1032"
"130","HaruTachi-","130","10169","98.61","47864","23","477","1027"
"131","OPJames","131","10169","99.12","79338","58","917","1050"
"132","_AvA","132","10159","98.89","79921","158","799","978"
"133","kutafix","133","10155","98.85","84431","42","370","670"
"134","Epiphany","134","10155","99.59","93181","432","1446","1486"
"135","Flask","135","10154","98.82","62063","145","1912","1295"
"136","[RanYakumo]","136","10147","98.85","111171","190","2220","718"
"137","Zmatureeno","137","10141","98.81","101048","35","644","609"
"138","Yuuzinho","138","10127","98.23","111068","114","822","771"
"139","Jerekek","139","10124","98.17","12817","6","79","168"
"140","Beafowl","140","10109","99.35","109667","306","942","525"
"141","-Machine-","141","10108","97.83","80220","158","1100","2049"
"142","Stoof","142","10107","98.88","80033","69","866","1231"
"143","Rekaru","143","10103","99.12","82487","231","1254","829"
"144","Lolisim","144","10080","99.02","90690","265","1109","661"
"145","Emperorpenguin83","145","10079","99.27","114459","199","2476","1118"
"146","NerO","146","10075","97.83","121708","153","1671","875"
"147","Hasawa_Kraenes","147","10066","98.74","75392","3","1022","1167"
"148","Ampharos","148","10061","97.63","49049","55","301","341"
"149","[_Zane_]","149","10052","98.81","137672","139","2114","1236"
"150","SlimeDrippy","150","10041","98.99","65605","28","857","315"
"151","Elysion","151","9565","98.28","94503","34","783","1372"
"152","FlySlime","152","9554","96.49","73823","103","1029","1122"
"153","AtHeoN","153","9549","99.16","125045","102","1768","689"
"154","Neta","154","9520","99.05","98191","289","3438","182"
"155","Lexalia","155","9518","98.98","76610","123","1227","683"
"156","Worne","156","9515","99.42","147504","1221","3167","131"
"157","My_Aim_Trash","157","9508","99.47","155785","204","1632","1635"
"158","Toke","158","9502","98.66","330146","80","1523","1836"
"159","Meltina","159","9500","99.15","106429","161","1917","798"
"160","_Shield","160","9494","99.1","28221","167","782","743"
"161","Malolat","161","9490","99.28","81652","69","643","584"
"162","Jameslike","162","9484","98.74","52945","72","1299","638"
"163","Informous","163","9482","98.5","58243","53","749","1105"
"164","cmnk","164","9478","98.64","78799","104","994","977"
"165","-_Phantasma_-","165","9476","98.19","89561","194","1514","1084"
"166","BeasttrollMC","166","9475","98.78","67773","40","933","560"
"167","Identical","167","9468","99.03","66782","131","937","641"
"168","HowlWater","168","9463","93.99","66318","33","631","548"
"169","r0ck","169","9459","99.05","111665","266","2792","1135"
"170","OPJames","170","9454","99.11","75513","54","875","994"
"171","gasanww","171","9440","99.5","213450","1222","4108","83"
"172","Area","172","9434","98.76","111339","196","2270","943"
"173","bahamete","173","9430","98.67","99480","164","1027","481"
"174","ChitogeOP","174","9429","98.09","110403","56","806","771"
"175","Doomsday","175","9416","98.16","268468","893","6829","1365"
"176","Hyppyri","176","9414","99.07","119726","107","1251","1683"
"177","Twintail","177","9410","99.17","100084","2199","1307","154"
"178","EbonSol","178","9401","91.74","30271","39","466","541"
"179","Skydiver","179","9398","98.09","65704","27","456","543"
"180","kazamabc","180","9386","98.8","103447","54","935","717"
"181","Yuza","181","9380","99.12","73758","50","1099","544"
"182","itsamemarioo","182","9379","84.72","22270","7","79","120"
"183","uvrv","183","9376","98.35","73965","60","1398","692"
"184","Sebu","184","9376","98.55","174439","48","1240","896"
"185","Fangzy","185","9344","99.17","92771","383","2655","1001"
"186","Orbi","186","9343","99.25","107250","81","1373","495"
"187","_AvA","187","9340","98.77","73075","150","802","852"
"188","Yazone","188","9335","99.06","93468","151","1392","1039"
"189","Zekker","189","9331","98.86","65951","466","639","342"
"190","Mekuru","190","9327","98.24","60997","83","1055","671"
"191","Viveliam","191","9327","99.06","133505","17","1314","1183"
"192","-Archangel-","192","9322","97.94","114763","176","2137","1310"
"193","Hasawa_Kraenes","193","9322","98.35","71727","2","980","1038"
"194","traps","194","9313","99.09","33176","52","1025","536"
"195","TheLamaHD","195","9306","99.46","37556","124","709","1007"
"196","Snorlaax","196","9305","98.01","67223","20","467","647"
"197","FGSky","197","9303","96.1","134783","39","458","453"
"198","Saix","198","9301","99.29","60720","81","1079","70"
"199","Happy_New_Year","199","9299","99.03","81682","756","2117","128"
"200","AmaiHachimitsu","200","9293","98.78","209111","86","1701","567"
"201","Calcium","201","9293","97.86","139438","35","1108","2659"
"202","Dsan","202","9290","99.23","134314","672","3567","713"
"203","Alumetri","203","9290","98.19","31427","57","588","311"
"204","Kaanibaru","204","9282","98.6","93353","28","536","484"
"205","Idealism","205","9280","98.41","73399","90","1407","931"
"206","Topoi","206","9273","98.4","61871","23","768","800"
"207","Warrock","207","9269","99.27","94055","323","1597","1465"
"208","Enon","208","9269","99.11","111348","208","1889","1098"
"209","MrPotato","209","9268","98.96","126304","142","1428","956"
"210","[-Lockon-]","210","9267","97.75","96524","8","874","960"
"211","MeiMei","211","9261","99.24","33588","16","437","289"
"212","Myko","212","9259","98.77","47431","15","463","648"
"213","Kurogami","213","9254","98.17","68296","93","953","761"
"214","CPUGeek","214","9251","99.38","112390","271","1505","526"
"215","xaxreid","215","9248","99.27","72796","18","318","713"
"216","DenObscure","216","9243","98.53","112149","137","2004","1077"
"217","DigiDrake","217","9224","99","78991","125","930","291"
"218","patch","218","9224","98.35","62618","22","666","646"
"219","waywern2012","219","9218","98.45","65809","137","1018","1352"
"220","Ponyawka","220","9214","98.29","99548","78","410","334"
"221","saikurondark","221","9210","98.71","79354","12","453","368"
"222","My_Aim_Zogs","222","9204","99.35","121077","117","1041","1031"
"223","Wucki","223","9199","98.97","86641","247","1134","1893"
"224","Blobby3000","224","9194","99.03","53255","35","592","907"
"225","Wombraider","225","9193","97.67","34887","9","368","539"
"226","-HERO-","226","9191","98.74","170093","147","885","812"
"227","Psycopath-","227","9185","98.77","174928","32","882","877"
"228","Chronomarly","228","9176","99.22","90701","231","759","326"
"229","theez35","229","9175","99.32","43500","18","306","290"
"230","kevjn","230","9171","97.91","18575","18","168","193"
"231","Zain_Sugieres","231","9169","98.52","63319","27","503","773"
"232","LanJay","232","9165","98.36","112736","96","931","1015"
"233","Mayoi_Hachikuji","233","9165","98.71","145888","103","1284","1305"
"234","Sakke","234","9162","98.28","68768","14","308","213"
"235","Reifos","235","9161","99.49","68507","283","1210","191"
"236","Crystal","236","9161","98.49","85244","682","3546","560"
"237","PikaPwn","237","9155","99.32","59575","105","919","871"
"238","Ritzeh","238","9152","99.08","83122","115","1713","724"
"239","Woey","239","9151","99.1","142526","1270","3428","877"
"240","T_A_K_A_O","240","9140","99.27","86326","152","885","1341"
"241","Riven","241","9140","99.18","150877","128","1201","964"
"242","Vamhi-","242","9138","98.03","65516","18","296","275"
"243","Cheese_Kai","243","9134","98.99","55500","30","579","821"
"244","SlimeDrippy","244","9127","98.92","58471","23","795","214"
"245","karalis","245","9127","98.55","90294","55","1109","906"
"246","Umbre","246","9124","99.2","133394","171","875","1248"
"247","isokasapupuja","247","9115","99.05","125748","147","1493","938"
"248","SilveRain","248","9110","98.43","93865","672","1753","638"
"249","yuilemo","249","9109","98.85","43194","65","1009","604"
"250","wavezz","250","9108","99.09","74212","309","1530","813"
"251","Cloz1k","251","9108","98.46","143078","14","349","982"
"252","SpajdeR","252","9107","99.16","127913","177","1499","498"
"253","Rekaru","253","9107","99.28","79510","230","1210","784"
"254","[Lunatic_Bell]","254","9102","98.06","133426","20","1055","656"
"255","CrtReXn","255","9100","99.14","97683","134","1866","1626"
"256","legekka","256","9097","99.08","64324","148","971","853"
"257","kamome_sano","257","9093","97.99","28280","47","480","693"
"258","Satoruu","258","9092","99.44","50134","300","1208","635"
"259","SkyArrow","259","9092","99.27","29028","17","350","418"
"260","Mira-san","260","9089","98.74","69525","171","1004","213"
"261","-_G_I_D_Z_-","261","9081","98.53","142668","198","2079","831"
"262","Saimonea","262","9077","98.8","70843","218","668","211"
"263","Haganenno","263","9075","99.14","85680","165","912","729"
"264","kutafix","264","9070","98.59","72563","21","306","591"
"265","[_DANIEZ_]","265","9062","98.39","131116","220","2685","546"
"266","mniminwoo","266","9061","98.8","118530","101","1289","1253"
"267","oxycodone","267","9059","97.65","191903","62","1185","1089"
"268","Cocaine_dog","268","9056","98.29","103935","43","692","613"
"269","Pittigbaasje","269","9055","99.12","64367","89","1220","533"
"270","Eileyn","270","9050","97.21","67384","8","491","672"
"271","Gomo_Pslvarh","271","9049","99.07","62547","2033","2624","193"
"272","Arua","272","9047","98.87","89129","70","770","333"
"273","Runa","273","9046","99.04","44867","238","842","641"
"274","Aden","274","9043","97.29","92927","25","952","1097"
"275","Astana","275","9041","98.58","75992","16","652","604"
"276","Qu1z","276","9037","97.88","69678","36","563","940"
"277","GHAngeloid","277","9032","99.18","139197","200","2950","507"
"278","My_Angel_Lina","278","9030","98.47","57927","11","582","569"
"279","Veth","279","9028","99.45","83806","127","706","646"
"280","Toushi","280","9024","99.15","81699","52","907","885"
"281","Miko","281","9024","98.62","87886","8","432","889"
"282","nick1324","282","9022","98.61","42930","44","827","609"
"283","Pray","283","9019","94.93","109473","30","2559","686"
"284","Seouless","284","9017","98.75","160394","60","1559","905"
"285","follon","285","9016","98.69","83159","266","919","723"
"286","Astrovia","286","9015","98.17","73364","77","605","912"
"287","-_Dark_-","287","9012","98.49","64580","42","583","767"
"288","ChronoTrig","288","9009","98.83","130550","114","1372","824"
"289","Mathyu","289","9008","97.41","69635","55","619","410"
"290","Gokuri","290","9001","99.06","101690","193","1524","1034"
"291","Tiger_Claw","291","9000","98.3","115441","42","1051","1267"
"292","Yellow","292","8998","98.86","88628","74","998","478"
"293","gissirianko","293","8994","98.42","62785","119","959","316"
"294","[_Lili_]","294","8982","98.8","98654","47","933","842"
"295","Wario","295","8982","99.22","92623","179","1173","1457"
"296","harunaruna","296","8980","98.55","113045","133","1241","641"
"297","Num","297","8974","97.98","98738","54","783","959"
"298","Always_1miss","298","8966","96.85","78600","202","1644","1021"
"299","Texats","299","8961","98.61","86456","78","1256","1061"
"300","ftg","300","8959","98.92","107757","53","1028","841"
"301","Blairzey","301","8958","98.13","112960","21","509","640"
"302","-Wolfy-","302","8956","98.01","67597","152","1298","809"
"303","Kaoru","303","8955","99.25","147780","284","3755","2642"
"304","Woffel","304","8943","99.49","79462","86","549","1398"
"305","Sanjilift","305","8937","98.99","121088","14","683","616"
"306","Spark-desu","306","8936","98.26","82246","15","826","723"
"307","-Kazuki-","307","8934","98.87","124952","550","1491","1049"
"308","fartownik","308","8934","99.15","270860","156","2453","1259"
"309","Serena","309","8929","99.34","83130","703","1106","529"
"310","Hippo","310","8923","98.68","35139","63","629","909"
"311","Kabu","311","8920","99.21","124769","93","730","920"
"312","Sheba","312","8920","99.18","114126","2000","2000","0"
"313","w1sp","313","8920","97.83","22264","20","447","507"
"314","MetoA","314","8919","98.68","61008","90","982","747"
"315","Emula","315","8919","99.14","101809","151","2291","641"
"316","Zmatureeno","316","8911","98.91","82464","31","582","488"
"317","My_Angel_Haruna","317","8909","97.3","98629","28","1370","485"
"318","Mrotaku","318","8906","98.93","65180","64","1111","599"
"319","NuHaru","319","8896","98.1","37797","17","1016","771"
"320","Touchette","320","8892","98.1","64807","44","1028","529"
"321","Girl","321","8888","92.48","71517","81","961","955"
"322","ExLeaF","322","8888","98.4","71580","55","699","601"
"323","FlowR","323","8884","99.17","128805","130","1151","803"
"324","Ampharos","324","8882","98.26","36465","53","261","237"
"325","dokidokilolixx","325","8882","93.54","43839","13","324","326"
"326","Nakocchi","326","8873","98.66","60518","327","2059","1281"
"327","Anzu_Takakura","327","8872","98.82","94406","20","414","621"
"328","yellowy246","328","8870","98.94","88927","207","1047","855"
"329","-Dylson-","329","8868","99.28","79282","89","1546","428"
"330","Danidesu","330","8867","98.18","58855","29","469","768"
"331","Urania","331","8866","99.15","81493","33","595","709"
"332","-PloX","332","8860","98.73","89281","137","571","789"
"333","Rampax","333","8859","97.87","132675","19","866","1404"
"334","scuoa","334","8858","99.37","70246","173","1690","1025"
"335","Lunirs","335","8858","98.03","54622","14","665","846"
"336","filsdelmao","336","8855","98.6","40804","99","586","562"
"337","-raizen-","337","8853","99.07","117003","23","971","937"
"338","Aknama","338","8852","96.96","126570","47","462","587"
"339","TheKid217","339","8849","99.48","97457","762","1527","1145"
"340","[C_u_r_i]","340","8842","98.64","63666","125","1071","673"
"341","Shiawase","341","8838","99.14","110661","249","3578","1360"
"342","Far_Q","342","8831","98.75","145563","58","1782","951"
"343","Sarasa","343","8829","98.56","47753","38","608","509"
"344","Vall","344","8828","97.3","115087","8","614","736"
"345","Jonimay","345","8828","98.69","125089","91","1405","1356"
"346","Shiina_Noriko","346","8826","98.82","35812","100","1361","668"
"347","Broodich","347","8825","99.11","187647","702","3035","2364"
"348","FeriOP","348","8825","98.8","105809","114","1304","1683"
"349","AxewB","349","8822","98.73","87177","48","775","601"
"350","Exarch","350","8822","98.61","72899","31","788","881"
"351","schlafen","351","8821","99.14","136081","341","1745","1062"
"352","Lovestruck","352","8821","98.71","72593","63","598","508"
"353","eoehd1ek","353","8817","98.09","73410","284","1919","498"
"354","Sickoh","354","8814","98.4","97453","14","541","494"
"355","Sakurai_Momoka","355","8812","98.79","78025","243","2322","1115"
"356","Boggles","356","8809","98.17","65459","113","1318","795"
"357","B_e_N_i","357","8803","99.23","161880","524","2452","863"
"358","Commy","358","8802","98.8","95339","368","1343","255"
"359","Syph","359","8800","98.64","71419","39","624","1195"
"360","Yakisoba_Pan","360","8799","98.96","148134","439","1479","968"
"361","Puffydaddy","361","8797","99.26","67929","24","719","1254"
"362","BDDav","362","8795","99.41","114891","420","1609","281"
"363","Shelbis","363","8785","98.69","63370","35","666","736"
"364","Razuh","364","8778","97.74","62194","58","693","1241"
"365","Death","365","8776","98.94","85195","150","1001","1159"
"366","Anroyz","366","8765","98.57","145363","57","976","1135"
"367","Mystia","367","8762","98.63","114290","123","983","1072"
"368","MCNortrom","368","8760","98.85","62621","53","1329","900"
"369","Flami","369","8758","99.16","63475","183","1050","1487"
"370","MarthXT","370","8757","98.42","100268","353","1905","1426"
"371","Tetla","371","8756","98.48","123882","609","1453","299"
"372","Yuiteru","372","8754","98.47","91561","48","805","416"
"373","SylvieLism","373","8754","99.07","58509","484","688","937"
"374","Maffe","374","8754","98.89","61513","94","1097","1133"
"375","SpringLane","375","8752","98.52","72764","67","2460","773"
"376","Niii-san","376","8749","99.14","80324","99","802","760"
"377","LoidKun","377","8748","97.06","107675","195","1423","884"
"378","Nakano-","378","8747","98.47","178967","686","3001","169"
"379","Art","379","8742","98.79","106194","44","768","636"
"380","ABERON","380","8740","99.07","67209","75","831","824"
"381","-GN","381","8737","98.01","120398","153","1347","695"
"382","Haynoru","382","8733","99.42","123432","82","3121","1668"
"383","CatBagasm","383","8729","96.77","48962","46","869","431"
"384","gigagamer37","384","8728","99.63","57313","381","1193","927"
"385","Squapple","385","8725","98.59","38990","25","655","439"
"386","Sooki","386","8718","98.42","119760","22","974","1210"
"387","Usagi_sama","387","8711","99.28","74627","153","1032","620"
"388","crisco13","388","8707","98.81","101714","40","664","769"
"389","neko_ds","389","8704","97.83","101322","45","796","926"
"390","kyle","390","8701","98.73","103666","9","923","1064"
"391","Spazza17","391","8700","99.06","62377","279","1529","920"
"392","Koni_Kinmo","392","8697","98.77","46023","57","1048","1234"
"393","[_Jewel_Yuki_]","393","8695","97.81","78152","35","831","853"
"394","Reira","394","8688","98.75","34715","50","471","439"
"395","ffury","395","8687","99.23","66352","385","1234","501"
"396","Garch","396","8682","98.09","111567","9","1845","1083"
"397","owo_6821","397","8678","97.71","53927","10","202","280"
"398","a_Blue","398","8676","95.23","60951","7","298","249"
"399","Sadness","399","8674","98.88","107284","78","994","1024"
"400","SoMad","400","8670","98.82","91042","39","1500","1485"
"401","gbs_tap","401","8667","99.35","75577","250","1763","601"
"402","ithgyu","402","8666","99.09","56752","33","968","1228"
"403","moguosu","403","8663","96.61","34076","30","689","611"
"404","YoungPretzel","404","8659","98.85","71581","59","942","743"
"405","Shirasaka_Koume","405","8657","98.62","52236","45","936","781"
"406","c00kiezecky","406","8655","99.03","83856","78","609","1050"
"407","Shii","407","8655","97.04","94417","29","1289","862"
"408","Yuria","408","8654","98.6","127548","2358","1714","1245"
"409","worst_dt_player","409","8652","98.58","103688","156","862","975"
"410","Fervore","410","8651","98.01","68453","52","981","1087"
"411","Sakayaneegi","411","8647","98.9","85641","190","1302","231"
"412","xElectroGH","412","8645","98.91","60506","122","806","698"
"413","Skill","413","8642","98.95","66746","209","1258","901"
"414","Akiko-","414","8641","97.82","109876","162","2051","424"
"415","Leotic","415","8631","98.4","59794","185","3444","1111"
"416","Elscar","416","8631","99.35","107005","439","1241","250"
"417","Sonix","417","8631","99.05","45077","87","772","575"
"418","Super_Arrow","418","8631","97.92","93643","64","1960","1074"
"419","Shigure_chan","419","8629","98.82","61191","121","1734","703"
"420","kyIe","420","8627","99.16","90220","38","704","906"
"421","Sinch","421","8625","98.83","96437","571","3872","629"
"422","ruexia","422","8625","97.75","99067","6","476","584"
"423","Frosiito","423","8624","98.14","62092","29","514","740"
"424","esemoka57","424","8620","98.64","96439","33","648","485"
"425","Akani","425","8617","98.96","95362","163","1341","651"
"426","Chezz","426","8610","99.09","22110","69","738","1082"
"427","W3CAT_der_Gott","427","8607","98.97","46181","136","1658","1082"
"428","fabriciorby","428","8604","98.94","88384","707","1377","68"
"429","Nadir","429","8602","98.89","51529","68","451","586"
"430","Spork_Lover","430","8601","99.11","73797","188","1876","978"
"431","gusrua123","431","8588","98.65","60524","64","2012","906"
"432","Pein","432","8584","98.97","105781","196","2154","982"
"433","Aoba_Karingo","433","8582","98.24","121405","22","668","636"
"434","UDQN","434","8581","98.92","58739","261","1687","840"
"435","Teachu","435","8580","99.44","56291","526","2156","156"
"436","[ZN]","436","8578","98.51","146314","59","1290","1197"
"437","OhAHO","437","8577","98.67","159607","199","1582","1285"
"438","Cien","438","8577","98.61","108742","270","2688","441"
"439","LilDoc","439","8571","98.07","105738","61","1488","1186"
"440","PizzaLovers007","440","8571","98.94","27315","34","895","761"
"441","-_Angel_Dust_-","441","8570","99","109101","191","2510","644"
"442","-_Daichi_-","442","8566","99.31","80189","181","914","1420"
"443","GGBY","443","8566","98.35","191971","1505","12722","251"
"444","Mooha","444","8565","99.43","60060","471","1615","78"
"445","fripSide","445","8564","97.97","82688","370","1099","922"
"446","Venrue","446","8563","97.71","67056","13","263","614"
"447","Constelletion","447","8563","98.92","165127","96","1469","1007"
"448","Doma_Umaru","448","8560","97.93","132730","89","2518","1137"
"449","DT-sama","449","8559","98.89","184689","79","1823","1861"
"450","nycto","450","8558","98.02","135767","36","915","957"
"451","FriendoFox","451","8547","99.02","95720","139","879","861"
"452","Noname0","452","8543","99.18","63976","114","1096","1223"
"453","Titus","453","8540","99.11","55832","162","1355","741"
"454","Mizarr","454","8539","97.1","62345","59","749","522"
"455","Mishima_Yurara","455","8536","98.77","76244","40","1002","1093"
"456","egemenbsrms","456","8533","98.55","53795","27","373","741"
"457","nr_pm","457","8532","98.68","84846","63","627","499"
"458","moca","458","8531","99.13","31796","242","1308","413"
"459","Tomatonium","459","8531","98.84","56048","130","760","506"
"460","DualAkira","460","8530","99.07","91543","220","839","681"
"461","My_Angelsim","461","8525","98.89","154970","583","2083","401"
"462","M_Flat","462","8522","98.61","23234","148","846","628"
"463","Alumetorz","463","8522","99.3","89307","92","1131","501"
"464","YoonA-","464","8518","98.98","86740","143","1163","635"
"465","No01","465","8518","98.24","146666","173","1842","1072"
"466","Vandabe","466","8507","98.82","100054","84","1351","711"
"467","-SoMoE-","467","8505","98.41","96104","41","836","332"
"468","im_bad","468","8502","99.06","93558","27","529","634"
"469","DomenCherry","469","8502","98.07","35748","66","615","1121"
"470","Small_K","470","8501","98.66","110679","267","3711","664"
"471","Koltay","471","8501","99.31","53648","459","2556","1346"
"472","Elegant_Loli","472","8489","98.7","20650","43","1262","859"
"473","Vento","473","8487","98.97","64375","61","520","274"
"474","Igor_Cabra","474","8484","98.25","77193","17","650","607"
"475","Jesus[Krists]","475","8482","98.8","74011","39","849","681"
"476","Shinkei","476","8475","97.41","50759","0","351","215"
"477","fuduhasio","477","8472","99.09","120299","201","1919","951"
"478","benki","478","8472","98.98","56373","31","1125","1163"
"479","TheCoon324","479","8469","98.83","88097","28","667","466"
"480","Akane-Yuki","480","8468","98.83","52038","73","1041","684"
"481","Cinia_Pacifica","481","8468","98.34","55147","63","1417","437"
"482","kawaine","482","8467","98.19","61176","7","250","407"
"483","Saizu","483","8461","99.24","85798","33","998","1100"
"484","Agni","484","8457","99.16","62219","141","954","1331"
"485","Kixs_Student","485","8449","99.25","42182","60","751","541"
"486","Reiyoru-","486","8448","98.05","96051","1443","2603","1100"
"487","Toshinou_Kyouko","487","8445","98.99","68296","138","2438","725"
"488","OsunMoM-","488","8443","98.89","63647","125","1173","492"
"489","FllareA","489","8442","98.73","101649","25","1239","1177"
"490","StrawberryPocky","490","8440","97.06","75108","6","207","222"
"491","Der","491","8438","98.75","130703","166","1493","631"
"492","Kyoushouryuu","492","8434","99.22","91589","266","2375","1907"
"493","WORSTPOLACKEU","493","8431","98.14","70572","27","714","718"
"494","swerve","494","8429","98.11","61575","68","1492","551"
"495","Shirone","495","8429","98.66","83572","104","1145","549"
"496","Vinsu","496","8428","98.51","61093","73","860","636"
"497","unberlin","497","8426","98.87","136916","78","1327","1468"
"498","Tosino_Kyoko","498","8424","98.81","53510","177","1403","585"
"499","Kuronora","499","8424","98.74","117423","110","1558","825"
"500","Diallo","500","8420","98.55","71002","68","773","1393"
"501","Lexion","501","8415","99.07","50044","92","907","964"
"502","-Zelos-","502","8413","98.81","81251","197","1667","1000"
"503","Delis","503","8411","98.96","82178","350","2002","634"
"504","[Trafis]","504","8411","98.33","44192","55","842","905"
"505","okinamo","505","8410","98.62","46014","25","486","881"
"506","1miss","506","8408","98.16","62517","42","1014","865"
"507","Kirin","507","8402","98.69","96305","82","1062","790"
"508","Cnya","508","8401","98.73","108143","65","3122","858"
"509","-Trinity-","509","8399","98.05","90747","14","483","620"
"510","Grey-","510","8399","98.74","16339","3","211","347"
"511","Fser","511","8397","99.19","42624","179","800","536"
"512","AAA","512","8395","98.92","111294","246","2073","97"
"513","Van_Darkholme","513","8394","98.73","77385","72","1214","894"
"514","Catoliel","514","8394","97.17","101728","15","426","694"
"515","SkyzWai-","515","8393","98.82","130611","51","1860","1002"
"516","Schwartz","516","8390","98.44","103405","207","1208","1002"
"517","SP33DW33D","517","8385","98.68","27247","22","430","583"
"518","Mongoose-","518","8385","98.08","76465","40","913","1342"
"519","Rekia","519","8385","98.09","58642","22","621","537"
"520","Duftende_Pizza","520","8378","99.49","65079","336","1330","670"
"521","Cerkie","521","8377","99.14","125022","330","1323","1119"
"522","cptnXn","522","8373","99.19","98595","97","1138","565"
"523","Hide_On_Note","523","8372","99.07","35978","21","754","1020"
"524","My_Not","524","8372","98.5","113568","136","2437","1514"
"525","Rean-K","525","8370","98.26","54578","21","1076","647"
"526","Bauxe","526","8367","98.52","80236","148","2456","870"
"527","_kyky_","527","8364","98.34","69366","26","618","750"
"528","s3552515","528","8364","99.1","73159","31","808","562"
"529","kaminogi","529","8362","98.14","50329","59","970","706"
"530","Rion-","530","8358","99.4","99681","157","1418","798"
"531","Yasen","531","8357","98.79","73648","44","277","474"
"532","thelewa","532","8356","99.38","169068","933","3943","1007"
"533","Adam_tw","533","8355","98.77","123450","146","974","717"
"534","Sakurauchi_Riko","534","8355","98.94","92999","128","1369","833"
"535","Save_Me","535","8354","98.56","22578","21","437","287"
"536","Zabijaka","536","8351","98.67","120383","98","1108","953"
"537","KafuuChino","537","8351","98.26","12478","11","423","428"
"538","ClawViper","538","8349","99.11","55026","249","2584","141"
"539","Yacos","539","8343","97.52","99239","18","811","2039"
"540","-Yato-","540","8343","98.89","56587","16","554","311"
"541","GranDSenpai","541","8335","98.68","129351","24","566","1020"
"542","onyaga","542","8335","99.6","98250","138","669","1241"
"543","Ignite","543","8334","98.91","120779","184","1273","980"
"544","Zodiaack","544","8327","99.07","84144","130","2451","1793"
"545","[_Umaruun_]","545","8326","99.02","30667","90","634","321"
"546","ltasia","546","8321","98.74","107958","54","1534","542"
"547","Anze","547","8319","99.03","142363","285","1625","783"
"548","ncuh","548","8318","99.27","164341","245","1883","927"
"549","Asion","549","8318","99.02","78390","122","1345","984"
"550","Valentine","550","8318","99.09","85843","326","1405","465"
"551","oohily","551","8317","98.7","83297","114","3025","1140"
"552","Okinotori","552","8315","99.1","75999","368","1277","1365"
"553","[KOR]Kosaki","553","8315","98.64","102317","32","697","193"
"554","sinon","554","8314","97.34","89719","103","626","780"
"555","Mastaah","555","8314","99","55536","141","1357","403"
"556","Mayzel","556","8312","99.24","162125","621","3674","883"
"557","Aldrouch","557","8312","98.34","75312","8","336","644"
"558","black1207","558","8308","98.89","88892","145","1959","815"
"559","3D_Printer","559","8307","98.83","62505","283","2350","1308"
"560","WagnerWarrior","560","8307","99.13","58122","56","785","780"
"561","Lua","561","8300","99.03","110792","4","520","1006"
"562","little_Agile","562","8300","99.48","92613","1029","3384","750"
"563","vitail","563","8299","98.72","88766","49","885","1013"
"564","ReusoL","564","8297","99.15","62201","166","1056","690"
"565","YoungPretzel","565","8295","98.9","71658","59","943","748"
"566","Sablestars","566","8294","99.4","67225","57","824","400"
"567","Jolene","567","8290","97.99","93866","70","955","542"
"568","_---_","568","8287","99.55","100910","128","834","865"
"569","shortpotato","569","8287","98.96","40894","168","1367","851"
"570","872316468","570","8285","98.11","84829","8","1515","506"
"571","-Machine-","571","8283","98.12","64870","136","942","1698"
"572","Natalia","572","8280","99.03","36939","129","1203","1035"
"573","Shiorii","573","8279","99.24","66602","727","568","718"
"574","lorelai","574","8279","97.98","112807","6","913","1079"
"575","yooriko","575","8277","96.85","88734","10","541","635"
"576","XVoIR","576","8270","98.51","45242","46","560","371"
"577","Rimuru","577","8269","98.14","68987","33","498","474"
"578","Kosmonautas","578","8267","99.03","55396","72","758","1258"
"579","Timpai","579","8266","97.63","81726","58","1219","1229"
"580","[_Yozzied_]","580","8265","98.6","82642","176","2624","842"
"581","Enns","581","8263","99.5","64797","75","588","416"
"582","Aphrow","582","8262","99.19","53559","147","1405","1148"
"583","Hanori","583","8259","98.8","43370","74","841","647"
"584","Frictionless","584","8247","98.41","26428","115","627","386"
"585","-_Hakurei_Kou_-","585","8246","98.62","224344","76","807","245"
"586","Yohei","586","8245","99.01","35511","366","971","394"
"587","Slizzer","587","8241","98.91","80483","121","1999","1303"
"588","_Degenerate","588","8238","98.83","70738","17","1148","1149"
"589","Timowoof","589","8237","98.03","53375","41","1036","1336"
"590","Yuh","590","8236","99.56","53568","727","1486","135"
"591","Niko","591","8236","98.84","74679","233","1299","480"
"592","buny","592","8228","98.67","97151","10","744","523"
"593","sAraShina","593","8228","98.93","149757","617","3833","819"
"594","Nega","594","8227","98.79","94404","209","766","837"
"595","Link135","595","8223","98.53","76032","35","906","898"
"596","fea","596","8222","98.07","56437","307","343","193"
"597","renoxz","597","8222","99.4","84493","94","749","1143"
"598","White_Tiger","598","8221","98.78","60340","193","1673","518"
"599","Amplify","599","8220","98.74","164696","37","1136","791"
"600","Cremation","600","8220","98.72","182939","750","3190","1765"
"601","rinkon","601","8218","98.84","141955","138","2658","757"
"602","Maika","602","8214","99.01","71787","388","725","173"
"603","Garden","603","8214","98.77","44703","772","3860","95"
"604","Honeymap","604","8214","89.18","39392","112","203","108"
"605","raser1234","605","8213","98.01","53244","223","1029","484"
"606","Arina","606","8213","98.5","84321","203","792","602"
"607","Oxia","607","8212","99.1","77443","172","1915","1823"
"608","PeteX","608","8210","98.4","97553","126","1867","1084"
"609","Avenito","609","8207","98.49","70842","44","491","521"
"610","Freezd","610","8205","99.38","53353","71","449","379"
"611","Monk_Gyatso","611","8202","97.98","111361","40","1292","1663"
"612","Mercurius","612","8201","99.35","200437","1561","4850","473"
"613","gejutel","613","8200","98.45","107254","29","633","600"
"614","aegishield3","614","8199","99.24","77326","37","585","286"
"615","Nalian","615","8198","97.21","62911","15","918","568"
"616","xsrsbsns","616","8197","99.11","78644","1791","3083","303"
"617","Orton","617","8197","98.33","44236","26","607","712"
"618","TobiGH3","618","8195","98.6","45761","34","773","552"
"619","Willy","619","8192","99.64","120773","1792","4555","128"
"620","KHRiku","620","8189","98.22","52958","89","877","518"
"621","Hino","621","8188","98.53","96287","82","1155","1256"
"622","WillCookie","622","8188","98.44","38105","191","983","647"
"623","[-_Creepy_-]","623","8184","98.92","43455","51","562","1063"
"624","xXD4rk_Sl4y3rXx","624","8182","98.8","60452","74","985","977"
"625","eLy","625","8182","98.8","182386","229","3893","1639"
"626","Rusio","626","8181","98","60111","76","1590","701"
"627","Lyne","627","8180","99.02","64870","108","732","588"
"628","Dungeon","628","8179","98.87","152473","212","2521","504"
"629","Crystal-","629","8179","98.13","61164","240","2157","919"
"630","Chanki","630","8176","97.21","198885","54","2270","2332"
"631","-Kupo-","631","8173","98.45","54291","59","1012","1123"
"632","monome","632","8172","96.53","25372","7","613","444"
"633","[_Mystic_]","633","8172","99.21","62366","28","1019","1208"
"634","-Miruku-","634","8171","98.76","58992","81","1038","1478"
"635","Aeril","635","8171","99.04","90640","30","474","597"
"636","Kafuu_Chino","636","8170","98.71","83921","45","862","462"
"637","-_Akira_Len_-","637","8167","98.98","58579","130","1039","1024"
"638","FayeurS","638","8164","99.54","68751","896","1803","278"
"639","[_KamKurGi521_]","639","8163","98.02","68460","43","829","416"
"640","Colored","640","8160","98.87","142442","233","3416","741"
"641","sk0","641","8160","99.32","59664","147","908","899"
"642","ToLove","642","8157","99.04","54484","121","783","442"
"643","Icyteru","643","8155","99.28","99293","61","1207","775"
"644","ErikSu","644","8154","96.91","74401","33","625","439"
"645","funky_enough","645","8149","98.28","64296","10","927","936"
"646","ChinaNo1","646","8149","98.78","53132","43","1084","1416"
"647","FreeDom","647","8148","98.86","115005","185","922","498"
"648","ebc123","648","8143","98.37","146744","41","1102","1042"
"649","younited","649","8142","99.3","37862","38","657","285"
"650","Latrio","650","8141","98.66","104268","227","3854","334"
"651","ChinaNo1","651","8149","98.78","53246","43","1086","1419"
"652","FreeDom","652","8148","98.86","115117","185","923","502"
"653","ebc123","653","8143","98.37","146755","41","1102","1042"
"654","younited","654","8142","99.3","37862","38","657","285"
"655","Latrio","655","8141","98.66","104376","227","3861","336"
"656","Raindrop","656","8141","99.22","78410","169","1977","1332"
"657","Doginator","657","8140","99.17","57364","46","546","509"
"658","gilmat","658","8133","99.36","81144","148","1168","1595"
"659","Avernus","659","8132","98.56","54941","19","838","860"
"660","Feraza","660","8131","99.29","75624","657","1366","953"
"661","Derposoft","661","8130","98.23","40447","46","1021","857"
"662","Ralyks","662","8127","97.56","37399","10","553","495"
"663","Watsaiye","663","8127","98.28","136063","36","561","627"
"664","momura","664","8125","98.66","39960","50","631","276"
"665","Chaltier0","665","8125","99.64","98760","1456","721","310"
"666","Seichi","666","8124","98.27","65106","25","620","597"
"667","Sjizu","667","8124","98.93","58924","112","475","331"
"668","Kardet","668","8123","98.65","79721","164","1891","1187"
"669","surume_yotyan","669","8117","99.61","53283","345","979","632"
"670","WhiteOnion","670","8117","97.67","80056","204","2101","539"
"671","Shiny_Chariot","671","8116","98.72","104624","24","500","288"
"672","benjacala","672","8115","99","140242","111","1917","1226"
"673","-_Niwata_-","673","8112","96.49","87702","60","1000","737"
"674","Tomadoi","674","8111","99.22","55882","137","1353","953"
"675","[_ATChunG_]","675","8111","98.47","37647","14","371","374"
"676","_Kumiko-chan_","676","8111","98.9","81737","53","1320","1008"
"677","QonQuest","677","8110","98.98","115795","170","2403","1045"
"678","Brown","678","8109","98.16","58280","62","744","1382"
"679","[_AeonLust_]","679","8108","99.21","68617","84","2119","1133"
"680","TaNaBaTa","680","8108","98.79","111719","189","1773","1518"
"681","Zakura","681","8107","97.82","75670","38","769","570"
"682","P1u70","682","8106","99.12","35808","106","1093","906"
"683","PandaCattle","683","8103","97.44","92964","15","492","555"
"684","Hydra","684","8102","98.76","54689","49","1828","796"
"685","kiiro127","685","8102","99","70302","23","560","1063"
"686","ededed028","686","8101","98.68","80877","41","466","240"
"687","dokhakerok","687","8100","98.85","188148","37","457","373"
"688","SadnessWillSear","688","8100","99.29","70133","25","788","678"
"689","Reegi","689","8099","98.8","59188","70","1478","1214"
"690","thaibuy","690","8097","98.89","53000","93","1075","736"
"691","Cappy","691","8097","99.22","71879","138","1150","948"
"692","Mafham","692","8097","98.39","56955","161","854","371"
"693","Rakyero","693","8093","99.57","55984","413","824","930"
"694","Rairiku","694","8092","98.83","45525","31","734","702"
"695","[Chiyo]","695","8090","97.79","80740","211","1527","685"
"696","Macho","696","8087","99.02","34801","24","452","420"
"697","Prograf","697","8086","98.51","58285","116","1234","764"
"698","Kitichu","698","8085","98.63","50235","34","782","537"
"699","Pupper","699","8084","99.27","51903","127","1079","837"
"700","RyuuBei","700","8083","99.11","73201","206","1739","818"
"701","Chidori","701","8079","99.45","32794","97","482","221"
"702","Ahmnesia","702","8079","99.05","68474","88","985","1086"
"703","Python","703","8073","98.84","114481","95","865","1067"
"704","CeilingWaffle","704","8071","98.89","98560","38","1252","679"
"705","KaanKorkmaz","705","8070","99.28","60271","117","1020","677"
"706","4mpy","706","8070","99.41","110298","161","1007","702"
"707","[KOR]Rem","707","8067","98.55","32967","34","1163","917"
"708","ShotgunApe","708","8066","99.07","64713","69","622","656"
"709","Jace","709","8063","98.85","99916","90","1680","1039"
"710","Ashtar","710","8063","99.13","67310","118","1815","197"
"711","Jeebasaurus","711","8062","98.99","4452","12","121","212"
"712","Minato3","712","8058","96.42","107368","137","511","610"
"713","Tona","713","8056","98.91","114961","65","1642","1424"
"714","Chewin","714","8055","99.15","149151","428","5846","863"
"715","Broccoly","715","8054","98.01","77233","25","1112","866"
"716","diabolo77","716","8041","99.14","60643","98","885","687"
"717","MatsumotoRise","717","8038","99.02","56630","102","1857","1182"
"718","----","718","8036","98.08","65981","24","499","604"
"719","GfMRT","719","8036","98.33","42205","159","1260","575"
"720","Moly","720","8033","98.53","109671","72","930","1207"
"721","MINEMINE","721","8033","98.99","21819","42","412","175"
"722","Deppyforce","722","8031","98.97","52958","109","1019","431"
"723","Polaris","723","8031","98.54","115542","28","795","634"
"724","Maiaz","724","8031","98.63","19609","8","489","321"
"725","big_human","725","8030","99.24","88191","235","1279","630"
"726","koki","726","8030","97.86","94733","72","911","788"
"727","Sonoda-Umi","727","8027","98.85","37380","54","787","828"
"728","Cream","728","8025","98.69","115521","231","1555","1582"
"729","Eldera","729","8024","98.89","73010","31","788","543"
"730","Nikulae","730","8021","99.03","77031","250","1424","1608"
"731","Ruchika","731","8020","99.29","161868","902","2722","1109"
"732","-_Rosemary_-","732","8019","97.89","36886","17","620","651"
"733","Andrej123","733","8016","97.92","59714","4","524","417"
"734","momotayan","734","8016","98.72","36922","194","1593","392"
"735","Bowlglet","735","8014","98.77","63243","47","762","543"
"736","[Shaiden]","736","8013","98.61","54651","44","783","577"
"737","Illkryn","737","8012","99.08","165379","176","3101","1896"
"738","[_BJ_]","738","8011","99.03","83997","218","1658","705"
"739","drugkeeper","739","8010","99.04","53364","32","507","508"
"740","Sj-Sama","740","8010","98.99","66563","80","1162","1217"
"741","-_Aki","741","8007","99.08","105267","8","856","925"
"742","KoaLeahq","742","8006","98.67","61618","58","1086","590"
"743","-_Bastian_-","743","8001","99.1","35021","12","601","1081"
"744","Freyja","744","8001","98.38","29979","40","497","428"
"745","gpdl","745","8000","99.43","80003","23","335","338"
"746","Regnall","746","7997","99.41","112771","422","2126","701"
"747","Guy","747","7996","99.28","144134","1524","3259","836"
"748","Chitogod","748","7994","98.92","38814","12","589","488"
"749","[Mashiro-Desu]","749","7989","96.46","52577","23","532","624"
"750","-_Slice_-","750","7987","99.74","130519","458","1227","814"
"751","wallyk","751","7985","99.12","35774","158","1292","1065"
"752","diciestaking","752","7983","98.97","59291","72","1259","742"
"753","Proteus","753","7977","98.81","76311","101","603","536"
"754","AntoN","754","7977","99.04","105496","190","1736","2427"
"755","Aizen","755","7976","99.02","24603","80","791","359"
"756","Kaifin","756","7974","99.12","118836","147","1092","771"
"757","Rika_Desu","757","7968","98.21","138247","39","622","916"
"758","pyccknn","758","7967","98.36","88767","56","1311","1789"
"759","S_I_C_L_A","759","7966","99.04","25191","16","366","175"
"760","meR_maR","760","7966","97.42","86725","1154","2428","210"
"761","SKaiBlue","761","7965","99.12","83477","94","1401","156"
"762","Ponytail","762","7962","96.34","46331","28","399","500"
"763","Hazukashi","763","7958","98.23","58681","39","886","1062"
"764","ZephyrProxy","764","7958","98.93","100770","53","535","136"
"765","Celis","765","7958","99.25","154249","267","1703","931"
"766","Lazer","766","7958","98.23","52697","117","1582","1047"
"767","rafalbrew","767","7957","99.01","69656","85","997","735"
"768","Nenko","768","7955","99.16","29580","107","527","389"
"769","Kanwa","769","7954","98.55","52079","61","525","363"
"770","Juhmall","770","7951","99.23","56440","51","337","734"
"771","skyegrey","771","7949","99","43740","37","635","798"
"772","Michni","772","7948","99.17","59669","68","719","700"
"773","wobeinimacao","773","7948","98.88","161954","93","3758","310"
"774","Megure","774","7946","99.41","111727","370","2545","1208"
"775","Mismagius","775","7946","98.14","101082","378","4055","641"
"776","[_G_h_o_s_t_]","776","7944","98.75","57105","121","1314","1329"
"777","-Marika","777","7942","98.86","104688","113","1537","1117"
"778","kafaN","778","7942","99.42","146762","2253","1143","134"
"779","Mortal","779","7942","99.01","52996","126","1146","583"
"780","Hakurai","780","7937","99.06","145464","63","878","1138"
"781","Zinkon","781","7934","99.02","57036","109","1863","2246"
"782","Frostmourne","782","7934","99.12","111565","683","4100","647"
"783","TTG","783","7931","97.91","84122","10","873","881"
"784","Asunamaru","784","7928","99.18","66955","50","780","482"
"785","HenBurgaaa","785","7926","99.35","59973","1351","1700","584"
"786","BNY963","786","7925","98.87","34150","47","474","626"
"787","Jensen","787","7924","98.94","82880","141","644","834"
"788","Hexicate","788","7924","99.19","36574","42","730","799"
"789","JoJoe","789","7922","98.45","33844","87","869","567"
"790","Yellowl","790","7918","99.49","70275","70","661","265"
"791","Imamoto","791","7917","99.33","74666","811","2811","1277"
"792","badeatudorpetre","792","7916","97.04","37850","32","799","540"
"793","Zenoha","793","7916","99.23","48628","178","1406","788"
"794","Sam","794","7914","97.46","106935","41","819","595"
"795","[_Guardian_]","795","7914","99.4","73126","610","2125","649"
"796","WardoX","796","7913","98.13","51190","58","1224","1039"
"797","-_Carl_-","797","7907","98.59","50429","19","559","535"
"798","Firebool","798","7905","99.34","95220","207","1418","819"
"799","Shayna","799","7903","98.5","37319","323","1483","1915"
"800","eternum","800","7901","99.06","26154","166","454","315"
"801","Pyrocks","801","7901","98.97","85772","109","1133","655"
"802","Bloo-Sun","802","7899","98.82","62715","29","392","315"
"803","yummy_pillow","803","7895","99.08","42989","106","708","505"
"804","Ciao","804","7893","98.58","98486","126","1291","764"
"805","Milkabob","805","7891","98.7","60335","77","586","1297"
"806","xoho","806","7890","99.06","59465","35","766","544"
"807","Sheeaper","807","7885","98.89","70945","21","527","608"
"808","xDarxen","808","7882","98.88","62686","71","696","380"
"809","Yuuki-chan","809","7881","99.01","75534","59","683","484"
"810","-Hideki-","810","7881","98.44","67629","35","435","319"
"811","Freezei","811","7876","98.89","66241","17","585","785"
"812","Herbayse","812","7875","99.43","91934","96","890","928"
"813","-_Eucliwood_-","813","7875","99.28","111334","106","1200","418"
"814","Quallinski","814","7871","98.79","102699","46","680","681"
"815","Shockwave000","815","7870","98.91","149804","944","6874","1239"
"816","Ultraplex","816","7870","98.89","75778","74","704","684"
"817","Boy_314","817","7868","98.54","49999","59","1192","1018"
"818","Dinkles","818","7867","97.79","75961","24","751","493"
"819","Desired","819","7864","99.05","34904","32","773","466"
"820","pyrowar56","820","7863","98.72","102033","291","2892","599"
"821","Nelissa","821","7862","99.27","74989","92","1554","931"
"822","Saezury","822","7862","99.14","32897","51","602","737"
"823","Xbox","823","7861","99.12","93814","163","1801","877"
"824","TinyLoliGirl","824","7860","98.54","69325","39","554","827"
"825","Riviclia","825","7860","98.04","136051","42","467","836"
"826","Master","826","7859","99.1","34550","43","534","322"
"827","muchy","827","7859","99.42","87271","255","1772","766"
"828","iok144","828","7857","99.14","89958","112","1222","1528"
"829","sonic_gamer96","829","7855","98.73","99893","45","722","1298"
"830","Duke","830","7853","97.38","18194","96","563","472"
"831","Rinzler","831","7853","99.2","56711","14","346","174"
"832","Numbers","832","7851","99.15","73073","24","702","810"
"833","Blackskyline","833","7851","98.48","48108","27","987","735"
"834","MrPopCraft","834","7850","98.97","72000","16","387","292"
"835","qtz","835","7846","99.16","37348","50","856","791"
"836","pattrik","836","7844","98.51","98765","91","782","644"
"837","Tank_A13","837","7843","98.43","52438","17","838","560"
"838","Dzui","838","7843","98.94","18803","215","641","278"
"839","Maxe191","839","7842","98.99","153737","917","2603","384"
"840","xasuma","840","7840","99.25","97286","7439","18442","4500"
"841","KagenoKami","841","7836","98.35","59816","12","431","415"
"842","kimchii42","842","7831","98.79","25510","24","241","252"
"843","HiverK","843","7828","97.24","131920","83","1156","1273"
"844","Silleth","844","7826","99.25","111449","131","1733","737"
"845","a12456","845","7825","97.48","89024","40","3126","857"
"846","Naxurin","846","7824","99.57","135745","872","1644","753"
"847","Rekens","847","7824","99.33","80219","225","2375","1418"
"848","zxxzxxz","848","7823","98.96","68757","76","1392","655"
"849","Bangom","849","7819","96.16","84269","17","847","1074"
"850","BearZyo","850","7816","97.02","61469","127","509","846"
"851","DraguinZZ","851","7831","98.4","86974","40","744","934"
"852","HiverK","852","7828","97.24","131963","83","1157","1273"
"853","Naxurin","853","7824","99.57","135745","872","1644","753"
"854","Rekens","854","7824","99.33","80591","226","2383","1425"
"855","Hecs","855","7823","97.87","54526","42","497","696"
"856","Criss","856","7823","98.96","62841","105","1490","2125"
"857","zxxzxxz","857","7823","98.96","68757","76","1392","655"
"858","Gaiava","858","7821","97.23","70529","18","1217","935"
"859","Bangom","859","7820","96.16","84596","17","850","1083"
"860","BearZyo","860","7816","97.02","61672","127","510","848"
"861","[_-_Sora_-_]","861","7815","98.52","56124","38","1133","826"
"862","Bites","862","7814","99.11","23713","153","652","410"
"863","yotampoco","863","7814","99.02","31104","34","437","628"
"864","_iV_","864","7813","98.74","69099","51","843","1116"
"865","10_gosu","865","7813","98.06","31848","26","290","834"
"866","revurii","866","7811","98.6","79996","15","657","777"
"867","TheOmyNomy","867","7811","99.42","65506","197","1033","369"
"868","-Kurisu","868","7811","97.83","104177","80","619","550"
"869","Jarvis","869","7810","99.13","82179","111","994","850"
"870","froon","870","7809","99.2","86060","78","4385","2525"
"871","dopedick_donkle","871","7809","98.59","78421","17","893","635"
"872","Maqua","872","7808","99.29","106904","64","884","830"
"873","VXB","873","7806","99.22","94993","131","892","766"
"874","Jimzzyyy","874","7806","99","79049","213","1485","1174"
"875","Lulek","875","7804","98.91","67874","43","1126","1194"
"876","Braixen","876","7803","98.26","44264","116","766","849"
"877","TheBlueEight","877","7800","97.79","62265","51","647","1068"
"878","OskaRRRitoS","878","7798","98.87","34206","177","1200","650"
"879","Ranko_Kanzaki","879","7797","98.88","118759","189","2090","1267"
"880","Blazemon","880","7797","98.88","94804","208","1601","547"
"881","Potofu","881","7797","99.56","70120","1391","1365","20"
"882","Yuuzinho","882","7796","98.39","82558","115","757","620"
"883","Electovoid","883","7795","99.4","51478","79","882","1105"
"884","Disasterday","884","7794","99.15","36853","204","1418","883"
"885","Pidi","885","7794","98.11","105208","29","501","711"
"886","waefwerf","886","7793","98.63","66798","27","695","1581"
"887","-Akky","887","7793","97.71","70911","16","593","1089"
"888","Rupertion","888","7792","99.26","34064","47","528","523"
"889","Kamykazi","889","7792","98.84","113963","28","871","847"
"890","VRainbow","890","7791","98.91","76305","23","695","1127"
"891","Lunedill","891","7786","98.28","152718","105","802","520"
"892","love_you","892","7785","98.7","62567","93","975","920"
"893","minus","893","7785","99.07","91849","83","898","1038"
"894","13chlenix37","894","7784","98.99","33605","29","395","594"
"895","Catalysis","895","7784","99.18","106674","64","1196","918"
"896","Grappoz","896","7784","99.27","35726","38","453","311"
"897","XII","897","7784","97.87","77247","194","1409","1590"
"898","Terra","898","7782","98.46","98454","31","663","888"
"899","Hranolka","899","7781","99.45","101614","2370","1226","493"
"900","xiAmME","900","7781","99.4","114995","180","1488","592"
"901","Meersu","901","7781","98.32","68581","48","749","670"
"902","Coron","902","7780","98.72","120560","55","971","829"
"903","Mya","903","7780","98.12","58953","14","656","911"
"904","Ranker","904","7779","98.72","47049","20","942","721"
"905","DvxNL","905","7778","98.25","60715","80","1275","1758"
"906","Knalli","906","7776","98.75","35903","89","1029","1098"
"907","prhtnsm","907","7774","98.43","51580","43","889","628"
"908","EternalShadi","908","7772","99.06","33305","57","690","638"
"909","Cthulhu","909","7772","98.95","122159","99","2163","754"
"910","Hanatan","910","7771","98.86","99893","111","1858","328"
"911","[Sony]","911","7770","98.39","40102","187","1406","707"
"912","-Rushi-","912","7769","98.78","42426","93","1443","850"
"913","Yufina","913","7767","97.74","66236","352","1956","1080"
"914","Shield","914","7763","98.89","89783","81","849","840"
"915","vitoco09","915","7762","99","32318","60","392","385"
"916","TeePee","916","7762","99.19","66993","50","517","668"
"917","taku","917","7761","98.77","48214","204","3183","1087"
"918","zelda101","918","7761","99.46","111456","1501","2194","1055"
"919","hmrkhmrk","919","7760","98.68","73921","128","1665","656"
"920","Y4ong","920","7759","99.2","147952","56","791","957"
"921","RedLeaf","921","7758","98.92","42275","178","1482","695"
"922","Another6_4","922","7756","97.24","134767","29","1295","744"
"923","Yuzuru","923","7756","98.57","170382","267","1106","143"
"924","Uzairr","924","7755","99.04","66929","6","487","617"
"925","norbertosnt3","925","7753","99.02","75891","42","914","737"
"926","haga1115","926","7752","98.74","47757","63","561","897"
"927","ASecretBox","927","7749","98.32","62372","17","288","296"
"928","Diulenomo","928","7749","98.76","58583","147","1259","762"
"929","Yuki-Desu","929","7744","97.75","114279","22","597","642"
"930","Swiftaay","930","7744","98.95","39269","94","892","444"
"931","serea","931","7742","99.34","205220","1065","2040","117"
"932","r0beRT","932","7741","98.86","34720","162","2087","873"
"933","Chiu","933","7741","99.35","80807","203","2342","1675"
"934","lndex","934","7741","98.68","69223","82","1206","682"
"935","NekoFunfo","935","7740","99.05","71405","154","1963","596"
"936","Purps","936","7739","99.15","43532","46","315","565"
"937","My_Angel_Seni","937","7737","99.41","128491","318","2677","1071"
"938","ChiSuki","938","7732","98.28","21862","57","707","970"
"939","Vertarix","939","7732","98.87","44352","25","743","521"
"940","DazzLE_Wind","940","7727","98.96","103791","190","2513","900"
"941","KevstracK","941","7723","98.55","65769","72","791","785"
"942","My_Angel_Borja","942","7723","97.32","80004","171","742","609"
"943","Enhu","943","7723","99.1","97603","362","1558","784"
"944","TheUnexpected6","944","7722","98.86","36281","17","662","1047"
"945","Raydric","945","7721","99.21","99615","92","1355","1033"
"946","Reficul918","946","7720","96.29","48222","10","693","686"
"947","-Shouta-Kun-","947","7719","99.1","63125","132","990","757"
"948","Xoulium","948","7716","98.68","107402","47","1102","795"
"949","SolaEclipse","949","7715","99.5","49904","123","526","424"
"950","Chaoslitz","950","7715","99.88","77963","3272","570","0"
"951","Tobirama_Senju","951","7714","97.65","94123","12","673","650"
"952","[Sebastian]","952","7714","98.63","37021","124","709","603"
"953","[_Larssen_]","953","7712","98.96","68624","37","864","603"
"954","001thefish","954","7712","98.92","97686","222","1171","744"
"955","404_AimNotFound","955","7708","99.16","55201","131","823","1517"
"956","Erick","956","7707","98.99","52525","108","922","904"
"957","Vyshus","957","7707","99.28","80947","42","782","976"
"958","callmebatya","958","7706","98.74","88037","65","1200","811"
"959","arth","959","7706","99.18","71450","146","1097","1341"
"960","-_Firmament_-","960","7705","98.31","70272","42","1480","588"
"961","Zuness","961","7702","99.27","91145","492","2248","1190"
"962","Quanteck","962","7701","99.01","136266","106","1164","1347"
"963","koksu0123","963","7700","98.85","39412","19","293","307"
"964","5231_Kinoko","964","7696","99.45","220028","693","6918","1220"
"965","Ferelix","965","7695","98.46","43103","9","563","643"
"966","Game","966","7695","99.33","101824","190","1941","1065"
"967","wooz","967","7693","99.41","70110","137","1003","1076"
"968","LittleDan","968","7692","99.19","43133","33","432","163"
"969","Baim","969","7690","99.23","54329","290","2120","635"
"970","ShadowSoul","970","7687","99.44","155018","1163","4463","1122"
"971","overcomplexifii","971","7683","99.21","58385","23","731","641"
"972","G4SH4","972","7683","98.85","83911","234","1306","953"
"973","Kagetsu","973","7679","99.1","96860","54","779","372"
"974","-Trigger","974","7679","98.87","73175","132","1336","790"
"975","Daeuk","975","7678","97.57","60442","8","298","425"
"976","MacSenpai","976","7677","99.49","44582","32","992","779"
"977","ChronoNig","977","7674","96.56","90818","20","979","662"
"978","Elzbieta","978","7674","98.87","64031","90","781","855"
"979","Betbuc","979","7671","99.43","60470","145","1738","1608"
"980","MURROX","980","7670","98.15","46986","8","374","424"
"981","Kano","981","7670","99.33","84468","342","1137","1968"
"982","umii","982","7669","98.8","35683","33","1167","571"
"983","My_Rabbit_Chino","983","7668","98.87","51235","27","545","570"
"984","Shokobear","984","7667","99.21","82824","86","1232","643"
"985","K_I_N_O","985","7667","98.38","45039","4","245","655"
"986","Jordan_The_Bear","986","7665","97.16","42641","4","415","498"
"987","OuO","987","7665","99.02","121996","792","5110","961"
"988","CaLiA_Ruin","988","7665","99.08","84313","60","1454","799"
"989","Jugment","989","7664","98.74","102573","45","1201","1260"
"990","Srayne","990","7663","98.67","116835","227","1858","1694"
"991","dioguitar44","991","7663","97.46","84928","35","1662","986"
"992","step_201064","992","7662","98.57","75418","20","802","1054"
"993","Touch-Pad","993","7662","99.06","36425","23","300","866"
"994","WalyNrk","994","7662","98.26","27627","58","402","281"
"995","davidqu2","995","7661","98.55","77158","31","1368","1124"
"996","HulbeH","996","7660","99.11","117544","21","564","1221"
"997","TCN","997","7660","99.47","142303","1507","1277","2017"
"998","NyaNekoMiau","998","7660","99.26","62316","177","1388","693"
"999","PantyStick","999","7659","98.04","49449","1696","3303","82"
"1000","katatakatata","1000","7659","99.16","61414","95","831","497"
"1001","Warbreon","1001","7658","98.38","74620","180","525","441"
"1002","_YuriNee","1002","7658","98.9","77295","211","2230","1287"
"1003","Sancho","1003","7657","98.63","51527","88","873","703"
"1004","YuyuKo_sama","1004","7656","99.46","127905","2026","2183","972"
"1005","Astrafe","1005","7655","98.65","38119","27","704","765"
"1006","Antynum","1006","7655","98.54","80194","22","867","689"
"1007","Xytox","1007","7654","98.95","86586","276","2272","750"
"1008","Xenbo","1008","7654","98.41","72007","94","517","210"
"1009","JappyBabes","1009","7654","99.24","132830","110","1683","892"
"1010","meltz","1010","7653","98.65","120781","16","433","384"
"1011","zaqlev","1011","7652","99.17","121264","43","364","1216"
"1012","Villdjack","1012","7651","98.89","79017","133","2300","1507"
"1013","hvick810","1013","7651","99.28","154929","177","2082","1402"
"1014","Cerillion","1014","7650","98.11","133817","33","884","613"
"1015","-_BLiTz_-","1015","7649","99.02","129020","61","1372","720"
"1016","My_Angel_Kaoura","1016","7649","98.86","51754","51","855","1301"
"1017","Kujinn","1017","7649","97.32","87363","16","643","679"
"1018","nicogame14","1018","7648","99.22","52870","68","1196","786"
"1019","NkdYoYo98","1019","7647","98.54","2223","6","53","80"
"1020","Nitro","1020","7646","99.53","157650","396","2080","922"
"1021","Sancient","1021","7644","99","48008","63","977","797"
"1022","vaporlol","1022","7644","99.11","55804","39","463","451"
"1023","Hijikata","1023","7643","99.35","190377","515","3892","1348"
"1024","HazzardFreak","1024","7642","98.91","65142","301","2973","769"
"1025","-cr1mmy-","1025","7642","99.15","315756","1968","5657","1277"
"1026","Shelter","1026","7637","95.11","62789","104","698","337"
"1027","Colors","1027","7637","98.65","57578","22","516","534"
"1028","rosshi","1028","7633","99.47","63716","664","1450","312"
"1029","helix","1029","7632","99.42","105920","1044","1557","914"
"1030","Wind_God_Girl","1030","7631","98.78","43551","62","459","581"
"1031","Genny","1031","7631","99.41","78015","77","715","492"
"1032","explosionboom","1032","7628","99.24","48522","66","662","644"
"1033","[_Pustules_]","1033","7628","98.76","70281","109","902","529"
"1034","Maozis","1034","7627","99.4","71297","749","1503","21"
"1035","Hot_Korean_Girl","1035","7627","98.59","46338","8","196","350"
"1036","mugio3","1036","7626","99.76","107501","1178","983","34"
"1037","DeleteNumber","1037","7624","98.81","59268","68","713","517"
"1038","Zallopomo","1038","7623","99.14","45112","28","620","1286"
"1039","ZachiZombie","1039","7623","98.76","56399","40","1341","509"
"1040","Yuusuke","1040","7622","98.87","137667","153","855","1260"
"1041","brain_damage","1041","7621","98.96","78019","33","495","573"
"1042","JohnyZ","1042","7621","99.2","56886","125","1699","877"
"1043","[_baka_3b_]","1043","7620","98.86","77936","37","2093","1469"
"1044","[-Koke-]","1044","7620","98.15","38578","14","455","352"
"1045","Arthior","1045","7619","99.27","122909","81","828","410"
"1046","Neab","1046","7619","99.09","131222","963","4731","1221"
"1047","GuessWho","1047","7618","98.27","56809","84","829","515"
"1048","Liya","1048","7617","98.91","31543","158","1776","907"
"1049","byfar","1049","7617","96.93","50887","7","428","700"
"1050","mizuki0133","1050","7616","98.03","7652","30","200","70"
